<?xml version='1.0' encoding='UTF-8' ?>
<timeLogEntries>
  <time id="1" path="/BookStore/PSP0/Planning" start="@1614220577990" delta="24" />
  <time id="2" path="/BookStore/PSP0/Planning" start="@1614357255554" delta="43" interrupt="2" />
  <time id="3" path="/BookStore/PSP0/Design" start="@1614359972383" delta="16" />
  <time id="4" path="/BookStore/PSP0/Design" start="@1614381118912" delta="60" />
  <time id="5" path="/BookStore/PSP0/Design" start="@1614981926770" delta="54" />
  <time id="6" path="/BookStore/PSP0/Design" start="@1615150497222" delta="40" />
  <time id="7" path="/BookStore/PSP0/Code" start="@1615152901993" delta="87" interrupt="15" />
  <time id="8" path="/BookStore/PSP0/Code" start="@1615327310468" delta="65" />
  <time id="9" path="/BookStore/PSP0/Code" start="@1615520153905" delta="77" />
  <time id="10" path="/BookStore/PSP0/Design" start="@1615569071005" delta="37" />
  <time id="11" path="/BookStore/PSP0/Code" start="@1615588805019" delta="25" />
  <time id="12" path="/BookStore/PSP0/Code" start="@1615668623375" delta="113" />
  <time id="13" path="/BookStore/PSP0/Test" start="@1615758083176" delta="3" />
  <time id="14" path="/BookStore/PSP0/Test" start="@1615758261205" delta="63" />
  <time id="15" path="/BookStore/PSP0/Code" start="@1615762036888" delta="58" interrupt="8" />
  <time id="16" path="/BookStore/PSP0/Code" start="@1615768189107" delta="62" />
  <time id="17" path="/BookStore/PSP0/Code" start="@1616171051147" delta="132" />
  <time id="18" path="/BookStore/PSP0/Code" start="@1616204431930" delta="10" />
  <time id="19" path="/BookStore/PSP0/Test" start="@1616205024087" delta="77" />
  <time id="20" path="/BookStore/PSP0/Code" start="@1616211062102" delta="39" />
  <time id="21" path="/BookStore/PSP0/Test" start="@1616222528385" delta="50" />
  <time id="22" path="/BookStore/PSP0/Test" start="@1616263862153" delta="146" />
  <time id="23" path="/BookStore/PSP0/Design" start="@1616277485663" delta="17" />
  <time id="24" path="/BookStore/PSP0/Design" start="@1616299582354" delta="63" />
  <time id="25" path="/BookStore/PSP0/Code" start="@1616454180724" delta="329" interrupt="8" />
  <time id="26" path="/BookStore/PSP0/Design" start="@1616475103166" delta="30" />
  <time id="27" path="/BasketballFacts/PSP0/Planning" start="@1617921821637" delta="20" comment="Se preparan las herramientas para desarrolar la planeacion y los primeros diseños." />
  <time id="28" path="/BasketballFacts/PSP0/Planning" start="@1617986018017" delta="87" comment="Se realiza analisis y definicion de requerimientos funcionales." />
  <time id="29" path="/BasketballFacts/PSP0/Planning" start="@1618589833538" delta="45" comment="Se trabaja la fase 3 del metodo de ingenieria." />
  <time id="30" path="/BasketballFacts/PSP0/Code" start="@1618592578561" delta="63" comment="Se crea la clase jugador " />
  <time id="31" path="/BasketballFacts/PSP0/Planning" start="@1618878447000" delta="65" comment="Se finaliza parcialmente el metodo de ingenieria." />
  <time id="32" path="/BasketballFacts/PSP0/Code" start="@1618882364001" delta="15" comment="Se agregaron las estructuras de datos" />
  <time id="33" path="/BasketballFacts/PSP0/Design" start="@1619055394000" delta="105" comment="Se discute el diseño del programa e ideas pertinentes para su funcionamiento." />
  <time id="34" path="/BasketballFacts/PSP0/Code" start="@1619061721529" delta="46" comment="Se corrigue el archivo csv y se realizan pruebas de las estruturas de datos" />
  <time id="35" path="/BasketballFacts/PSP0/Code" start="@1619217254349" delta="275" comment="Se trabaja en la implementacion del llenado de las estructuras de datos" />
  <time id="36" path="/BasketballFacts/PSP0/Test" start="@1619233794210" delta="159" comment="Se realizaron los test de las estructuras." />
  <time id="37" path="/BasketballFacts/PSP0/Code" start="@1619244575643" delta="130" comment="Se implementan los arboles rojo negros pero aun no carga los jugadores" />
  <time id="38" path="/BasketballFacts/PSP0/Code" start="@1619319643506" delta="241" comment="Se culminan detalles finales de las estructuras, aun no esta listo." />
  <time id="39" path="/BasketballFacts/PSP0/Code" start="@1619499574936" delta="121" comment="Correcciones" />
  <time id="40" path="/BasketballFacts/PSP0/Code" start="@1619653462399" delta="59" />
  <time id="41" path="/BasketballFacts/PSP0/Code" start="@1619745597061" delta="120" comment="Errores del sistema de las estructuras." />
  <time id="42" path="/Bumasoft/PSP0/Planning" start="@1620777459039" delta="301" comment="Se realiza el 85% de la primera entrega, Eso quiere decir, enuncuado del problema, metodo de la ingenieria, y se avanza en el TAD grafo a utilizar." />
  <time id="43" path="/Bumasoft/PSP0/Planning" start="@1621010538353" delta="76" comment="Se culmina la eta de enunciado y metodo de ingenieria, queda pendiente TAD grafo." />
  <time id="44" path="/Bumasoft/PSP0/Planning" start="@1621051096921" delta="123" comment="Se cumlminan detalles de la planeacion y se realiza la entrega especifica." />
  <time id="45" path="/Bumasoft/PSP0/Code" start="@1621973214023" delta="33" comment="Se inicia el proyecto con las ideas iniciales del software." />
  <time id="46" path="/Bumasoft/PSP0/Code" start="@1621989394188" delta="151" comment="Se añaden al software las estructuras necesarias con las cuales vamos a trabajar." />
  <time id="47" path="/Bumasoft/PSP0/Code" start="@1622045496754" delta="83" comment="Se discuten cuenstiones del diseño que no quedaron muy claras" />
  <time id="48" path="/Bumasoft/PSP0/Code" start="@1622171595090" delta="122" comment="Creamos las torres y finalizamos discusion grupal." />
  <time id="49" path="/Bumasoft/PSP0/Code" start="@1622219150486" delta="104" comment="Se generan el metodo para leer la matriz desde un archivo csv" />
  <time id="50" path="/Bumasoft/PSP0/Code" start="@1622251578802" delta="232" comment="Se arreglan problemas con la matrices de las torres" />
  <time id="51" path="/Bumasoft/PSP0/Design" start="@1622265721170" delta="60" comment="Diseño de diagramas" />
  <time id="52" path="/Bumasoft/PSP0/Test" start="@1622433864418" delta="121" comment="Se realizan las opruebas unitarias de algunas estructuras de los grafos." />
  <time id="53" path="/Bumasoft/PSP0/Test" start="@1622509549514" delta="40" />
  <time id="54" path="/Bumasoft/PSP0/Design" start="@1622511932515" delta="86" comment="Diseño de diagramas" />
  <time id="55" path="/Bumasoft/PSP0/Code" start="@1622517087553" delta="60" comment="Se arreglan errores de las pruebas y se termina la lectura de las matrices." />
  <time id="56" path="/Bumasoft/PSP0/Design" start="@1622520684804" delta="145" comment="Finalizacion de diseño de diagramas" />
</timeLogEntries>
